{"frames": {

"Layer 2.png":
{
	"frame": {"x":0,"y":0,"w":69,"h":81},
	"rotated": false,
	"trimmed": false,
	"spriteSourceSize": {"x":0,"y":0,"w":69,"h":81},
	"sourceSize": {"w":69,"h":81},
	"pivot": {"x":0.5,"y":0.5}
},
"Layer 3.png":
{
	"frame": {"x":69,"y":0,"w":73,"h":81},
	"rotated": false,
	"trimmed": false,
	"spriteSourceSize": {"x":0,"y":0,"w":73,"h":81},
	"sourceSize": {"w":73,"h":81},
	"pivot": {"x":0.5,"y":0.5}
},
"Layer 4.png":
{
	"frame": {"x":142,"y":0,"w":76,"h":81},
	"rotated": false,
	"trimmed": false,
	"spriteSourceSize": {"x":0,"y":0,"w":76,"h":81},
	"sourceSize": {"w":76,"h":81},
	"pivot": {"x":0.5,"y":0.5}
},
"Layer 5.png":
{
	"frame": {"x":218,"y":0,"w":74,"h":83},
	"rotated": false,
	"trimmed": false,
	"spriteSourceSize": {"x":0,"y":0,"w":74,"h":83},
	"sourceSize": {"w":74,"h":83},
	"pivot": {"x":0.5,"y":0.5}
},
"Layer 6.png":
{
	"frame": {"x":292,"y":0,"w":71,"h":81},
	"rotated": false,
	"trimmed": false,
	"spriteSourceSize": {"x":0,"y":0,"w":71,"h":81},
	"sourceSize": {"w":71,"h":81},
	"pivot": {"x":0.5,"y":0.5}
},
"Layer 7.png":
{
	"frame": {"x":363,"y":0,"w":65,"h":83},
	"rotated": false,
	"trimmed": false,
	"spriteSourceSize": {"x":0,"y":0,"w":65,"h":83},
	"sourceSize": {"w":65,"h":83},
	"pivot": {"x":0.5,"y":0.5}
},
"Layer 8.png":
{
	"frame": {"x":428,"y":0,"w":69,"h":81},
	"rotated": false,
	"trimmed": false,
	"spriteSourceSize": {"x":0,"y":0,"w":69,"h":81},
	"sourceSize": {"w":69,"h":81},
	"pivot": {"x":0.5,"y":0.5}
}},
"meta": {
	"app": "https://www.codeandweb.com/texturepacker",
	"version": "1.0",
	"image": "tepig_spritesheet.png",
	"format": "RGBA8888",
	"size": {"w":497,"h":83},
	"scale": "1",
	"smartupdate": "$TexturePacker:SmartUpdate:7ceab6e8c7a948564a36fac7bd5e1fb7:2730b2b82735c2251e5f561a02db37b9:9e418c00ee11f61c6963a1f742b6cdeb$"
}
}
