{"frames": {

"Layer 2.png":
{
	"frame": {"x":0,"y":0,"w":101,"h":98},
	"rotated": false,
	"trimmed": false,
	"spriteSourceSize": {"x":0,"y":0,"w":101,"h":98},
	"sourceSize": {"w":101,"h":98},
	"pivot": {"x":0.5,"y":0.5}
},
"Layer 3.png":
{
	"frame": {"x":101,"y":0,"w":92,"h":92},
	"rotated": false,
	"trimmed": false,
	"spriteSourceSize": {"x":0,"y":0,"w":92,"h":92},
	"sourceSize": {"w":92,"h":92},
	"pivot": {"x":0.5,"y":0.5}
},
"Layer 4.png":
{
	"frame": {"x":193,"y":0,"w":90,"h":94},
	"rotated": false,
	"trimmed": false,
	"spriteSourceSize": {"x":0,"y":0,"w":90,"h":94},
	"sourceSize": {"w":90,"h":94},
	"pivot": {"x":0.5,"y":0.5}
},
"Layer 5.png":
{
	"frame": {"x":283,"y":0,"w":90,"h":92},
	"rotated": false,
	"trimmed": false,
	"spriteSourceSize": {"x":0,"y":0,"w":90,"h":92},
	"sourceSize": {"w":90,"h":92},
	"pivot": {"x":0.5,"y":0.5}
},
"Layer 6.png":
{
	"frame": {"x":373,"y":0,"w":98,"h":98},
	"rotated": false,
	"trimmed": false,
	"spriteSourceSize": {"x":0,"y":0,"w":98,"h":98},
	"sourceSize": {"w":98,"h":98},
	"pivot": {"x":0.5,"y":0.5}
},
"Layer 7.png":
{
	"frame": {"x":471,"y":0,"w":98,"h":98},
	"rotated": false,
	"trimmed": false,
	"spriteSourceSize": {"x":0,"y":0,"w":98,"h":98},
	"sourceSize": {"w":98,"h":98},
	"pivot": {"x":0.5,"y":0.5}
},
"Layer 8.png":
{
	"frame": {"x":569,"y":0,"w":102,"h":95},
	"rotated": false,
	"trimmed": false,
	"spriteSourceSize": {"x":0,"y":0,"w":102,"h":95},
	"sourceSize": {"w":102,"h":95},
	"pivot": {"x":0.5,"y":0.5}
},
"Layer 9.png":
{
	"frame": {"x":671,"y":0,"w":110,"h":95},
	"rotated": false,
	"trimmed": false,
	"spriteSourceSize": {"x":0,"y":0,"w":110,"h":95},
	"sourceSize": {"w":110,"h":95},
	"pivot": {"x":0.5,"y":0.5}
},
"Layer 10.png":
{
	"frame": {"x":781,"y":0,"w":107,"h":95},
	"rotated": false,
	"trimmed": false,
	"spriteSourceSize": {"x":0,"y":0,"w":107,"h":95},
	"sourceSize": {"w":107,"h":95},
	"pivot": {"x":0.5,"y":0.5}
},
"Layer 11.png":
{
	"frame": {"x":888,"y":0,"w":100,"h":98},
	"rotated": false,
	"trimmed": false,
	"spriteSourceSize": {"x":0,"y":0,"w":100,"h":98},
	"sourceSize": {"w":100,"h":98},
	"pivot": {"x":0.5,"y":0.5}
},
"Layer 12.png":
{
	"frame": {"x":988,"y":0,"w":98,"h":98},
	"rotated": false,
	"trimmed": false,
	"spriteSourceSize": {"x":0,"y":0,"w":98,"h":98},
	"sourceSize": {"w":98,"h":98},
	"pivot": {"x":0.5,"y":0.5}
}},
"meta": {
	"app": "https://www.codeandweb.com/texturepacker",
	"version": "1.0",
	"image": "totoB_spritesheet.png",
	"format": "RGBA8888",
	"size": {"w":1086,"h":98},
	"scale": "1",
	"smartupdate": "$TexturePacker:SmartUpdate:13351f3c3abadfc8b5c61e9b7c7e051a:2a29389a2ef25a6acbcbfb41d046be6a:2bf6375837a7d354e0db229886ed83d3$"
}
}
