{"frames": {

"Layer 2.png":
{
	"frame": {"x":63,"y":65,"w":67,"h":65},
	"rotated": false,
	"trimmed": false,
	"spriteSourceSize": {"x":0,"y":0,"w":67,"h":65},
	"sourceSize": {"w":67,"h":65}
},
"Layer 3.png":
{
	"frame": {"x":0,"y":65,"w":63,"h":63},
	"rotated": false,
	"trimmed": false,
	"spriteSourceSize": {"x":0,"y":0,"w":63,"h":63},
	"sourceSize": {"w":63,"h":63}
},
"Layer 4.png":
{
	"frame": {"x":0,"y":0,"w":57,"h":65},
	"rotated": false,
	"trimmed": false,
	"spriteSourceSize": {"x":0,"y":0,"w":57,"h":65},
	"sourceSize": {"w":57,"h":65}
},
"Layer 5.png":
{
	"frame": {"x":57,"y":0,"w":59,"h":63},
	"rotated": false,
	"trimmed": false,
	"spriteSourceSize": {"x":0,"y":0,"w":59,"h":63},
	"sourceSize": {"w":59,"h":63}
},
"Layer 6.png":
{
	"frame": {"x":116,"y":0,"w":59,"h":65},
	"rotated": false,
	"trimmed": false,
	"spriteSourceSize": {"x":0,"y":0,"w":59,"h":65},
	"sourceSize": {"w":59,"h":65}
},
"Layer 7.png":
{
	"frame": {"x":175,"y":0,"w":61,"h":65},
	"rotated": false,
	"trimmed": false,
	"spriteSourceSize": {"x":0,"y":0,"w":61,"h":65},
	"sourceSize": {"w":61,"h":65}
},
"Layer 8.png":
{
	"frame": {"x":130,"y":65,"w":67,"h":63},
	"rotated": false,
	"trimmed": false,
	"spriteSourceSize": {"x":0,"y":0,"w":67,"h":63},
	"sourceSize": {"w":67,"h":63}
},
"Layer 9.png":
{
	"frame": {"x":142,"y":130,"w":74,"h":61},
	"rotated": false,
	"trimmed": false,
	"spriteSourceSize": {"x":0,"y":0,"w":74,"h":61},
	"sourceSize": {"w":74,"h":61}
},
"Layer 10.png":
{
	"frame": {"x":70,"y":130,"w":72,"h":63},
	"rotated": false,
	"trimmed": false,
	"spriteSourceSize": {"x":0,"y":0,"w":72,"h":63},
	"sourceSize": {"w":72,"h":63}
},
"Layer 11.png":
{
	"frame": {"x":0,"y":130,"w":70,"h":65},
	"rotated": false,
	"trimmed": false,
	"spriteSourceSize": {"x":0,"y":0,"w":70,"h":65},
	"sourceSize": {"w":70,"h":65}
}},
"meta": {
	"app": "https://www.codeandweb.com/texturepacker",
	"version": "1.0",
	"image": "toto_spritesheet.png",
	"format": "RGBA8888",
	"size": {"w":236,"h":195},
	"scale": "1",
	"smartupdate": "$TexturePacker:SmartUpdate:23c383f6941d4a605a0979f96d0baff1:7aeb13bfbfe83c33368aa13adf89f111:93654f11cb46c74376531ec87fa21f8d$"
}
}
